INSERT INTO tenant(id, name, status, description) VALUES ('67efdecb-849f-4f21-8d7f-13df06a3ce09', 'Goldware', 'active', 'super tenant for creating other tenants');
INSERT INTO tenant(id, name, status, description) VALUES ('88eb970f-d7ea-49a7-9442-97e522135af5', 'stakspay', 'active', 'stakspay');
INSERT INTO tenant(id, name, status, description) VALUES ('a0cb7eef-8bd5-4b29-b6db-fdb2bc7f26d1', 'KissCam', 'active', 'Next Generation Technology');
--default roles
INSERT INTO roles(id,name) VALUES(1,'FANS');
INSERT INTO roles(id,name) VALUES(2,'SUPER_ADMIN');
INSERT INTO roles(id,name) VALUES(3,'ADMIN');
INSERT INTO roles(id,name) VALUES(4,'MUSICIAN');
--users
INSERT INTO users(id, email, password, username, tenant_id, first_name, last_name) VALUES ('3ed2c758-5e09-4732-b094-10c917996601', 'superadmin@gmail.com', '$2a$10$LyoftssoV/7VAxTqWM2ou.zKyyd/65mPOvhslrwX2wCc9i8GVAl5e', 'superadmin', '67efdecb-849f-4f21-8d7f-13df06a3ce09', 'superadmin', 'superadmin');
INSERT INTO user_roles(user_id, role_id) VALUES ('3ed2c758-5e09-4732-b094-10c917996601', 2);
--metadata
INSERT INTO metadata(id, component_name, component_order, display_name, status) VALUES (1, 'mygroups', 1, 'My Groups', 'active');
INSERT INTO metadata(id, component_name, component_order, display_name, status) VALUES (2, 'mypages', 2, 'Favorite Bands', 'active');
INSERT INTO metadata(id, component_name, component_order, display_name, status) VALUES (3, 'events', 3, 'Events','active');
INSERT INTO metadata(id, component_name, component_order, display_name, status) VALUES (4, 'exclusive', 4, 'Exclusive Content', 'active');
INSERT INTO metadata(id, component_name, component_order, display_name, status) VALUES (5, 'marketplace', 5,'Marketplace', 'active');
INSERT INTO metadata(id, component_name, component_order, display_name, status) VALUES (6, 'admin', 6,'Administration', 'active');
INSERT INTO metadata(id, component_name, component_order, display_name, status) VALUES (7, 'pages', 7, 'Pages', 'active');
INSERT INTO metadata(id, component_name, component_order, display_name, status) VALUES (8, 'fans', 8, 'Fans', 'active');
INSERT INTO metadata(id, component_name, component_order, display_name, status) VALUES (9, 'groups', 9, 'Groups', 'active');
INSERT INTO metadata(id, component_name, component_order, display_name, status) VALUES (10, 'rewards', 10, 'Rewards', 'active');
INSERT INTO metadata(id, component_name, component_order, display_name, status) VALUES (11, 'contacts', 11, 'Contacts', 'active');
--roles metadata
INSERT INTO metadata_roles(role_id, metadata_id) VALUES (2, 1);
INSERT INTO metadata_roles(role_id, metadata_id) VALUES (2, 2);
INSERT INTO metadata_roles(role_id, metadata_id) VALUES (2, 3);
INSERT INTO metadata_roles(role_id, metadata_id) VALUES (2, 4);
INSERT INTO metadata_roles(role_id, metadata_id) VALUES (2, 5);
INSERT INTO metadata_roles(role_id, metadata_id) VALUES (2, 7);
INSERT INTO metadata_roles(role_id, metadata_id) VALUES (2, 8);
INSERT INTO metadata_roles(role_id, metadata_id) VALUES (2, 9);
INSERT INTO metadata_roles(role_id, metadata_id) VALUES (2, 10);
INSERT INTO metadata_roles(role_id, metadata_id) VALUES (2, 11);
INSERT INTO metadata_roles(role_id, metadata_id) VALUES (3, 1);
INSERT INTO metadata_roles(role_id, metadata_id) VALUES (3, 2);
INSERT INTO metadata_roles(role_id, metadata_id) VALUES (3, 3);
INSERT INTO metadata_roles(role_id, metadata_id) VALUES (3, 4);
INSERT INTO metadata_roles(role_id, metadata_id) VALUES (3, 5);
INSERT INTO metadata_roles(role_id, metadata_id) VALUES (3, 7);
INSERT INTO metadata_roles(role_id, metadata_id) VALUES (3, 8);
INSERT INTO metadata_roles(role_id, metadata_id) VALUES (3, 9);
INSERT INTO metadata_roles(role_id, metadata_id) VALUES (3, 10);
INSERT INTO metadata_roles(role_id, metadata_id) VALUES (3, 11);
INSERT INTO metadata_roles(role_id, metadata_id) VALUES (4, 1);
INSERT INTO metadata_roles(role_id, metadata_id) VALUES (4, 2);
INSERT INTO metadata_roles(role_id, metadata_id) VALUES (4, 3);
INSERT INTO metadata_roles(role_id, metadata_id) VALUES (4, 4);
INSERT INTO metadata_roles(role_id, metadata_id) VALUES (4, 5);
INSERT INTO metadata_roles(role_id, metadata_id) VALUES (4, 7);
INSERT INTO metadata_roles(role_id, metadata_id) VALUES (4, 8);
INSERT INTO metadata_roles(role_id, metadata_id) VALUES (4, 9);
INSERT INTO metadata_roles(role_id, metadata_id) VALUES (4, 10);
INSERT INTO metadata_roles(role_id, metadata_id) VALUES (4, 11);
